{"nevals_p":8,"niters_p":9,"work":[1.077232196494e-311,1.077232197348e-311,1.077232198012e-311,0.00014529105696325928,-0.0010736407785039149,1.077232196684e-311,-0.1128238009027445,-0.000004924060496694055,-0.11282715721413328,0.000021554283365616729],"w":[0.0,3.178278373741897,0.1454994038581541,1.0396366185762077,1.0772321973795e-311,-0.11282715721413328,0.000021554283365616729,0.0,0.0,0.0,0.0,1.0772321966206e-311,0.0000033563113887652476,-0.000026478343862310785,1.077232196842e-311,-Infinity,-Infinity,1.0772321976325e-311,0.000018397314782703235,0.00032375826908292993,1.0772321963993e-311,1.7827726646271805,0.0,0.25939235991786765,1.0196257247520815,-0.000010319495664103949,-0.0003149013044247444,0.0,0.0,0.0,0.0,0.0,0.0,0.0,0.0,0.0,0.0,0.0,0.0,0.0,0.0,0.0,0.0,0.0,0.0,-0.0,0.0,0.0,-0.0,0.0,0.0,0.0,0.0,1.0,1.077232198423e-311,1.0772322000356e-311,1.0772321997194e-311,0.0,0.0,0.0,0.0,0.0,0.0,0.0,0.0,-1.7827726646271805,0.0,-0.25939235991786765,1.0196257247520815,0.000010319495664103953,-0.0003149013044247444,-0.0,-0.0,-0.0,-0.0,0.0,0.0,0.0,0.0,1.0772321992135e-311,1.0772321991502e-311,1.0772321998143e-311,1.077232199182e-311,1.077232199846e-311,1.0772321992767e-311,1.077232199941e-311,1.0772321993716e-311,1.077232199435e-311,1.0772321999724e-311,1.0772321995297e-311,1.0772321983597e-311,1.077232199656e-311,1.0772321998775e-311,1.077232200099e-311,1.0772322001305e-311,1.0772322001937e-311,1.077232201648e-311,1.0772322013004e-311,1.0772322022174e-311,1.07723220149e-311,1.077232201332e-311,1.0772322013637e-311,1.0772322008894e-311,1.0772322009526e-311,1.07723220051e-311,1.0772322005415e-311,1.0772322017747e-311,1.077232201016e-311,1.0772322017115e-311,1.077232202186e-311,1.0772322013953e-311,1.077232201427e-311,1.0772322014585e-311,1.0772322004783e-311,1.077232200763e-311,1.077232201522e-311,1.077232201269e-311,1.077232200257e-311,1.0772322020277e-311,1.077232200573e-311,1.0772322007313e-311,1.0772322002886e-311,1.0772322007945e-311,1.077232200826e-311,1.0772322004467e-311,1.0772322008577e-311,1.077232201585e-311,1.077232201838e-311,1.077232200984e-311],"jw":[1,2,3,4,-1496772816,507],"t":-1.1372838317140924,"f0":-1.1372838302540296,"h1":-1.4600627373795306e-9,"h2":0.0,"h3":0.0,"h4":1.0,"n1":3.0,"n2":3.0,"n3":4.0,"t0":-1.1372838302540296,"gs":-9.926932351916699e-8,"tol":0.0,"line":3.0,"alpha":0.4867510636612646,"iexact":0.0,"incons":0.0,"ireset":1.0,"itermx":0.0,"x0":-0.11282715721413328,"iter":3,"want_grad":0,"mode":-1,"prev_mode":1,"fcur":-1.1372838317140924,"fprev":-1.1372838302540296}