{"q1": {"all err": 0.0, "frequency": 4663.0}, "q3": {"all err": 0.0, "frequency": 4210.0}, "q4": {"all err": 0.0, "frequency": 3995.0}, "q5": {"all err": 0.0, "frequency": 4173.0}, "q7": {"all err": 0.0, "frequency": 4317.0}, "q8": {"all err": 0.0, "frequency": 4210.0}, "q9": {"all err": 0.0, "frequency": 4019.0}, "q10": {"all err": 0.0, "frequency": 4494.0}, "q11": {"all err": 0.0020086332224309444, "frequency": 4046.0}, "q12": {"all err": 0.0, "frequency": 4884.0}, "q13": {"all err": 0.0006780980620533228, "frequency": 4125.0}, "q14": {"all err": 0.0023259741719812155, "frequency": 4343.0}, "q15": {"all err": 0.0, "frequency": 4740.0}, "q16": {"all err": 2.8882552669529105e-06, "frequency": 4005.0}, "q17": {"all err": 0.0, "frequency": 4188.0}, "q18": {"all err": 0.0, "frequency": 4135.0}, "q19": {"all err": 0.0017561796121299267, "frequency": 4029.0}, "q20": {"all err": 0.0, "frequency": 4572.0}, "q21": {"all err": 0.0008620883454568684, "frequency": 4187.0}, "q23": {"all err": 0.0, "frequency": 4293.0}, "q24": {"all err": 0.0, "frequency": 4515.0}, "q25": {"all err": 0.0005929576000198722, "frequency": 4090.0}, "q26": {"all err": 0.0, "frequency": 4373.0}, "q27": {"all err": 0.0010695606470108032, "frequency": 4225.0}, "q28": {"all err": 0.0, "frequency": 4156.0}, "q29": {"all err": 0.0, "frequency": 4765.0}, "q30": {"all err": 0.0, "frequency": 4036.0}, "q31": {"all err": 0.0, "frequency": 4062.0}, "q32": {"all err": 0.0, "frequency": 4166.0}, "q33": {"all err": 0.00028548334375955164, "frequency": 4430.0}, "q34": {"all err": 0.0, "frequency": 4515.0}, "q35": {"all err": 0.0, "frequency": 4058.0}, "q36": {"all err": 0.0, "frequency": 4373.0}, "q37": {"all err": 0.0, "frequency": 4172.0}, "q38": {"all err": 0.0, "frequency": 4269.0}, "q39": {"all err": 0.0008966108434833586, "frequency": 4485.0}, "q40": {"all err": 0.0, "frequency": 4308.0}, "q41": {"all err": 0.0, "frequency": 4510.0}, "q42": {"all err": 0.0, "frequency": 4074.0}, "q43": {"all err": 0.0, "frequency": 4182.0}, "q45": {"all err": 0.00020795677846763283, "frequency": 4315.0}, "q46": {"all err": 0.0, "frequency": 4298.0}, "q47": {"all err": 0.0, "frequency": 4010.0}, "q48": {"all err": 0.0, "frequency": 4433.0}, "q49": {"all err": 0.0, "frequency": 4582.0}, "q50": {"all err": 0.0, "frequency": 4309.0}, "q51": {"all err": 0.0, "frequency": 4699.0}, "q53": {"all err": 0.0, "frequency": 4443.0}, "q55": {"all err": 0.0, "frequency": 4340.0}, "q56": {"all err": 0.0, "frequency": 4660.0}, "q57": {"all err": 0.0, "frequency": 4428.0}, "q58": {"all err": 0.0, "frequency": 4785.0}, "q60": {"all err": 0.0, "frequency": 4983.0}, "q61": {"all err": 0.0, "frequency": 4532.0}, "q62": {"all err": 0.0, "frequency": 4003.0}, "q63": {"all err": 0.0, "frequency": 4187.0}, "q65": {"all err": 0.0, "frequency": 4991.0}, "q66": {"all err": 0.0, "frequency": 4615.0}, "q67": {"all err": 0.0, "frequency": 4095.0}, "q68": {"all err": 0.0, "frequency": 4663.0}, "q69": {"all err": 0.0, "frequency": 4124.0}, "q71": {"all err": 0.0, "frequency": 4478.0}, "q72": {"all err": 0.0, "frequency": 4926.0}, "('q1', 'q7')": {"all err": 0.00889766775071621, "frequency": 3918.1653467624938}, "('q3', 'q9')": {"all err": 0.00889766775071621, "frequency": 4290.711954918261}, "('q3', 'q4')": {"all err": 0.00889766775071621, "frequency": 3963.73540310669}, "('q4', 'q10')": {"all err": 0.008925048634409904, "frequency": 4440.12859575}, "('q4', 'q5')": {"all err": 0.00889766775071621, "frequency": 3949.0857247923113}, "('q5', 'q11')": {"all err": 0.008961870335042477, "frequency": 3949.0857247923113}, "('q7', 'q13')": {"all err": 0.00889766775071621, "frequency": 3881.985979103898}, "('q7', 'q8')": {"all err": 0.00894408579915762, "frequency": 4213.366810596437}, "('q8', 'q14')": {"all err": 0.009614089503884315, "frequency": 4367.02439109}, "('q8', 'q9')": {"all err": 0.009233884513378143, "frequency": 3992.1426582922786}, "('q9', 'q15')": {"all err": 0.00889766775071621, "frequency": 4018.4021345023675}, "('q9', 'q10')": {"all err": 0.009497319348156452, "frequency": 4372.988904596554}, "('q10', 'q16')": {"all err": 0.008674860000610352, "frequency": 4350.386280522067}, "('q10', 'q11')": {"all err": 0.009205576032400131, "frequency": 4416.648641}, "('q11', 'q17')": {"all err": 0.00889766775071621, "frequency": 4416.648641}, "('q11', 'q12')": {"all err": 0.0098602045327425, "frequency": 4122.409435111833}, "('q12', 'q18')": {"all err": 0.00889766775071621, "frequency": 4122.409435111833}, "('q13', 'q19')": {"all err": 0.00918031670153141, "frequency": 3937.945089840967}, "('q13', 'q14')": {"all err": 0.008915725164115429, "frequency": 3900.4825639983997}, "('q14', 'q20')": {"all err": 0.008919812738895416, "frequency": 3961.9610677026744}, "('q14', 'q15')": {"all err": 0.00900306086987257, "frequency": 4076.055455072683}, "('q15', 'q21')": {"all err": 0.00889766775071621, "frequency": 4188.0}, "('q15', 'q16')": {"all err": 0.009085070341825485, "frequency": 4018.4021345023675}, "('q16', 'q17')": {"all err": 0.009937267750501633, "frequency": 4375.34978634}, "('q17', 'q23')": {"all err": 0.009132741019129753, "frequency": 4052.3112528681318}, "('q17', 'q18')": {"all err": 0.00889766775071621, "frequency": 4477.4585153316775}, "('q18', 'q24')": {"all err": 0.00889766775071621, "frequency": 4016.260409049941}, "('q19', 'q25')": {"all err": 0.00954890064895153, "frequency": 4170.2694466002495}, "('q19', 'q20')": {"all err": 0.009032399393618107, "frequency": 4367.50453449}, "('q20', 'q26')": {"all err": 0.00889766775071621, "frequency": 4367.50453449}, "('q20', 'q21')": {"all err": 0.00889766775071621, "frequency": 4187.566345214844}, "('q21', 'q27')": {"all err": 0.00889766775071621, "frequency": 4188.0}, "('q23', 'q29')": {"all err": 0.009880434721708298, "frequency": 4379.51038}, "('q23', 'q24')": {"all err": 0.009222696535289288, "frequency": 4016.260409049941}, "('q24', 'q30')": {"all err": 0.00889766775071621, "frequency": 4134.8005445868575}, "('q25', 'q31')": {"all err": 0.00898695271462202, "frequency": 4222.322014}, "('q25', 'q26')": {"all err": 0.009765836410224438, "frequency": 3898.0563994258605}, "('q26', 'q32')": {"all err": 0.01040375791490078, "frequency": 3901.7869729921417}, "('q26', 'q27')": {"all err": 0.009196525439620018, "frequency": 3932.697764694807}, "('q27', 'q33')": {"all err": 0.009508252143859863, "frequency": 4430.72624789}, "('q27', 'q28')": {"all err": 0.00911509059369564, "frequency": 4295.94096597}, "('q28', 'q34')": {"all err": 0.009278248995542526, "frequency": 4013.6221479640144}, "('q28', 'q29')": {"all err": 0.00889766775071621, "frequency": 4295.94096597}, "('q29', 'q35')": {"all err": 0.00889766775071621, "frequency": 4465.8870615}, "('q29', 'q30')": {"all err": 0.00889766775071621, "frequency": 4255.156894612123}, "('q30', 'q36')": {"all err": 0.009011685848236084, "frequency": 4071.5500127198156}, "('q31', 'q37')": {"all err": 0.008939052931964397, "frequency": 4222.322014}, "('q31', 'q32')": {"all err": 0.00889766775071621, "frequency": 3855.752297522842}, "('q32', 'q38')": {"all err": 0.009587752632796764, "frequency": 3880.7499060015516}, "('q32', 'q33')": {"all err": 0.009061290882527828, "frequency": 3982.160966627312}, "('q33', 'q39')": {"all err": 0.008706488646566868, "frequency": 4371.851971746548}, "('q33', 'q34')": {"all err": 0.00889766775071621, "frequency": 4430.72624789}, "('q34', 'q40')": {"all err": 0.008997115306556225, "frequency": 4002.685940660288}, "('q34', 'q35')": {"all err": 0.009131974540650845, "frequency": 4329.957435706704}, "('q35', 'q41')": {"all err": 0.009437156841158867, "frequency": 4051.840434204094}, "('q35', 'q36')": {"all err": 0.00889766775071621, "frequency": 4366.624628440752}, "('q36', 'q42')": {"all err": 0.00889766775071621, "frequency": 4049.320196326034}, "('q37', 'q43')": {"all err": 0.00889766775071621, "frequency": 4283.22203892}, "('q37', 'q38')": {"all err": 0.009179544635117054, "frequency": 3880.7499060015516},