{"q0": {"all err": 0.0031458785647483904, "frequency": 4053.0}, "q1": {"all err": 0.0018164443789428213, "frequency": 4355.676359736361}, "q2": {"all err": 0.003885932921848687, "frequency": 4390.0}, "q3": {"all err": 0.01420534547582746, "frequency": 4244.318360984325}, "q4": {"all err": 0.002020893706560584, "frequency": 4440.0}, "q6": {"all err": 0.0026918576058901278, "frequency": 4172.260535389185}, "q7": {"all err": 0.006154823575677199, "frequency": 4037.430519185029}, "q8": {"all err": 0.00403758438511977, "frequency": 4719.0}, "q9": {"all err": 0.00987277732367157, "frequency": 4019.0}, "q10": {"all err": 0.0024827569474932904, "frequency": 4983.0}, "q12": {"all err": 0.000688173260334827, "frequency": 4830.2155805458315}, "q13": {"all err": 0.001834137969194787, "frequency": 4658.0}, "q14": {"all err": 0.017275022021029783, "frequency": 4000.0115311509}, "q15": {"all err": 0.0029299764011563915, "frequency": 4518.36762785539}, "q16": {"all err": 0.014245924583406627, "frequency": 4005.0}, "q18": {"all err": 0.01696713445867051, "frequency": 4100.948178127408}, "q19": {"all err": 0.007993354101615282, "frequency": 4003.0}, "q20": {"all err": 0.013640028473695493, "frequency": 4096.0}, "q21": {"all err": 0.0026511650075378354, "frequency": 4187.043245323468}, "q22": {"all err": 0.0023936059369092004, "frequency": 4158.0}, "q24": {"all err": 0.0022318166634624366, "frequency": 4287.0}, "q25": {"all err": 0.016499566440345583, "frequency": 4104.556444983929}, "q26": {"all err": 0.014503376877270322, "frequency": 4352.64877125714}, "q27": {"all err": 0.0012579634093370338, "frequency": 4724.0}, "q28": {"all err": 0.0021101944751362066, "frequency": 4028.0}, "('q0', 'q6')": {"all err": 0.010573028777398153, "frequency": 4390.282741}, "('q0', 'q1')": {"all err": 0.01119530500433369, "frequency": 4355.852987875457}, "('q1', 'q7')": {"all err": 0.009209190910728922, "frequency": 4317.08844}, "('q1', 'q2')": {"all err": 0.020951265156627454, "frequency": 3927.321494817956}, "('q2', 'q8')": {"all err": 0.006966625237036219, "frequency": 4390.282741}, "('q2', 'q3')": {"all err": 0.017893305077988045, "frequency": 4390.282741}, "('q3', 'q9')": {"all err": 0.013600594978704878, "frequency": 4383.01878926}, "('q3', 'q4')": {"all err": 0.023595891317462182, "frequency": 3963.73540310669}, "('q4', 'q10')": {"all err": 0.0143298283470851, "frequency": 4184.672826283639}, "('q6', 'q12')": {"all err": 0.01027415893013547, "frequency": 4157.165346762494}, "('q6', 'q7')": {"all err": 0.01044054980613806, "frequency": 4317.08844}, "('q7', 'q13')": {"all err": 0.010528061652881768, "frequency": 3908.1930295838038}, "('q7', 'q8')": {"all err": 0.014779457783212258, "frequency": 4317.08844}, "('q8', 'q14')": {"all err": 0.01418885282818244, "frequency": 3978.769671107296}, "('q8', 'q9')": {"all err": 0.015998655070199114, "frequency": 3978.769671107296}, "('q9', 'q15')": {"all err": 0.018147738048380248, "frequency": 4018.4021345023675}, "('q9', 'q10')": {"all err": 0.017664778248881245, "frequency": 4184.672826283639}, "('q10', 'q16')": {"all err": 0.01864722563059456, "frequency": 4196.631040025199}, "('q12', 'q18')": {"all err": 0.013208044861305208, "frequency": 4122.409435111833}, "('q12', 'q13')": {"all err": 0.026938353342205325, "frequency": 4240.241170007452}, "('q13', 'q19')": {"all err": 0.026332087264261412, "frequency": 4006.9454949121982}, "('q13', 'q14')": {"all err": 0.01210946752948996, "frequency": 3900.4825639983997}, "('q14', 'q20')": {"all err": 0.013398042826057374, "frequency": 3979.4233074885788}, "('q14', 'q15')": {"all err": 0.01755092626843827, "frequency": 4322.758411104066}, "('q15', 'q21')": {"all err": 0.013603327626721711, "frequency": 4188.0}, "('q15', 'q16')": {"all err": 0.00854536741717673, "frequency": 4375.34978634}, "('q16', 'q22')": {"all err": 0.008960298593164093, "frequency": 3918.1653467624938}, "('q18', 'q24')": {"all err": 0.01450408993280124, "frequency": 4304.716278831962}, "('q18', 'q19')": {"all err": 0.011206880059809158, "frequency": 3937.945089840967}, "('q19', 'q25')": {"all err": 0.012176494196413474, "frequency": 3937.945089840967}, "('q19', 'q20')": {"all err": 0.014858493192949648, "frequency": 4367.50453449}, "('q20', 'q26')": {"all err": 0.022158453559263457, "frequency": 3898.0563994258605}, "('q20', 'q21')": {"all err": 0.018502380132751867, "frequency": 4187.024379881099}, "('q21', 'q27')": {"all err": 0.011886808613362214, "frequency": 4188.0}, "('q21', 'q22')": {"all err": 0.019265607238782134, "frequency": 4187.865518401377}, "('q22', 'q28')": {"all err": 0.015488997872463816, "frequency": 3996.3198113693807}, "('q24', 'q25')": {"all err": 0.014577304872344484, "frequency": 4578.16689351}, "('q25', 'q26')": {"all err": 0.01625129997929139, "frequency": 4373.36134131}, "('q26', 'q27')": {"all err": 0.012905779059004687, "frequency": 4322.449631473858}, "('q27', 'q28')": {"all err": 0.009834075456023283, "frequency": 4295.94096597}}